race_id,n_laps,mae_s
2024-Bahrain,908,0.36866740088105715
2024-Saudi_Arabia,734,1.1168365122615802
2024-Australia,805,1.7559287784679096
2024-Japan,666,0.6176731731731736
2024-Miami,912,2.511036915204678
2023-Bahrain,806,1.115931348221671
2023-Belgium,597,0.7435689558905642
2023-Abu_Dhabi,963,0.3672751817237797
