window,mae_s,n_laps
1,1.1292366487708392,7078
2,1.088182952182952,6734
3,1.0900491315913003,6391
5,1.1342320979020977,5720
7,1.1498067639629526,5090
