window,n_laps,mae_s
1,7078,1.1292366487708392
2,6734,1.088182952182952
3,6391,1.0900491315913003
5,5720,1.1342320979020977
7,5090,1.1498067639629526
